Time_s,Temperature1_C,Temperature2_C
0.8000515,179.2,78.5
1.3975683,179.2,78.5
1.9944733,178.9,78.5
2.59042,178.9,78.5
3.1851399,178.9,78.5
3.7836579,178.9,78.5
4.3972429,178.9,78.5
4.9953002,178.9,78.5
5.5910591,179.2,78.5
6.1874051,179.2,78.5
6.7830188,179.2,78.5
7.3806806,179.5,78.5
7.9766296,179.5,78.7
8.5735165,179.9,78.5
9.1686266,179.9,78.5
9.7673796,179.9,78.7
10.3639785,179.9,78.5
10.9637972,179.9,78.7
11.55771,180.2,78.5
12.1568694,180.2,78.7
12.7522901,180.5,78.7
13.3663983,180.5,78.7
13.9643964,180.9,78.7
14.5596595,180.9,78.7
15.1554169,181.2,78.7
15.7488928,181.2,78.7
16.3470976,181.6,78.7
16.9450587,181.9,78.7
17.5413096,181.9,78.7
18.1375782,182.3,78.7
18.7318578,182.3,78.7
19.328238,182.6,78.7
19.9260271,182.6,78.7
20.5257111,183,78.7
21.1218986,183.3,78.7
21.7182452,183.3,78.7
22.3090994,183.3,78.7
22.9079555,183.7,78.7
23.5050953,183.7,78.9
24.0990976,183.7,78.9
24.6944253,184,78.7
25.2894567,184,78.7
25.8866944,184.4,78.7
26.4849681,184.7,78.7
27.0836612,184.7,78.7
27.6790732,185.1,78.7
28.2753015,185.1,78.7
28.8724635,185.1,78.7
29.4676179,185.1,78.7
30.0643745,185.1,78.7
30.6639648,185.1,78.7
31.2608726,185.5,78.7
31.8563244,185.5,78.7
32.4527697,185.5,78.7
33.0503487,185.8,78.7
33.6463089,185.8,78.7
34.2436811,185.8,78.7
34.8422699,185.8,78.9
35.439238,185.8,78.7
36.0343173,185.8,78.7
36.6341678,185.8,78.7
37.2288036,185.8,78.7
37.8285212,185.8,78.7
38.4256874,185.5,78.7
39.0248248,185.5,78.5
39.6218964,185.5,78.5
40.2191712,185.1,78.5
40.8195042,185.1,78.4
41.4436268,185.1,78.5
42.0404119,184.7,78.5
42.6367622,184.7,78.5
43.2319115,184.4,78.5
43.825948,184.4,78.5
44.4245271,184.4,78.5
45.0220436,184,78.4
45.6487338,184,78.5
46.2462806,183.7,78.5
46.841413,183.7,78.5
47.4389102,183.3,78.5
48.0380957,183.3,78.5
48.6369818,183,78.5
49.2352742,183,78.5
49.8290144,183,78.5
50.4275347,182.6,78.5
51.0265525,182.6,78.5
51.6228272,182.6,78.5
52.2168107,182.3,78.5
52.8153814,182.3,78.5
53.4286332,182.3,78.5
54.0273479,181.9,78.5
54.624334,181.9,78.5
55.2212736,181.9,78.5
55.8148601,181.9,78.5
56.4275886,181.6,78.5
57.0255503,181.2,78.5
57.620834,181.2,78.4
58.2187723,180.9,78.4
58.8149661,180.9,78.4
59.4122882,180.5,78.4
60.0266135,180.5,78.4
60.6404694,180.5,78.4
61.2384664,180.5,78.4
61.8387887,180.5,78.4
62.4369883,180.2,78.4
63.0348153,180.2,78.4
63.6294183,180.2,78.5
64.2286006,180.5,78.5
64.8394833,180.2,78.4
65.4379948,180.2,78.4
66.0364405,180.2,78.5
66.6339728,179.9,78.5
67.2303372,179.9,78.5
67.8396679,180.2,78.5
68.4390343,179.9,78.5
69.0368109,179.9,78.5
69.634786,179.5,78.5
70.2294958,179.5,78.5
70.8263202,179.5,78.5
71.4226136,179.5,78.5
72.0209831,179.2,78.5
72.6173392,179.5,78.5
73.2116602,179.5,78.5
73.8102527,179.2,78.5
74.408961,179.2,78.5
75.0068783,179.2,78.5
75.6024422,179.5,78.5
76.2013085,179.5,78.5
76.829983,179.5,78.5
77.4273252,179.5,78.5
78.0254768,179.5,78.5
78.6221522,179.5,78.5
79.2202233,179.5,78.5
79.818329,179.5,78.5
80.415097,179.5,78.5
81.0132024,179.5,78.5
81.642683,179.5,78.4
82.2388071,179.5,78.4
82.8380214,179.5,78.4
83.4331209,179.5,78.4
84.0316363,179.5,78.4
84.6290232,179.5,78.4
85.2279002,179.9,78.4
85.8261232,179.9,78.4
86.4261539,180.2,78.4
87.023296,180.2,78.4
87.6180818,180.5,78.2
88.2303137,180.5,78.2
88.8464259,180.9,78.2
89.4413899,180.9,78.2
90.0382861,181.2,78.2
90.6351331,181.6,78.2
91.2314344,181.6,78.2
91.828747,181.6,78.2
92.4254778,181.9,78.2
93.0236937,181.9,78.2
93.6216631,181.9,78.2
94.2183292,182.3,78.2
94.8155457,182.3,78.2
95.4279544,182.6,78.2
96.0264239,183,78.2
96.6245272,183,78.2
97.2227152,183.3,78.2
97.8188771,183.7,78.2
98.4170827,183.7,78.2
99.0125589,184,78.2
99.6083364,184,78.2
100.2040233,184.4,78.2
100.8003362,184.4,78.2
101.3996112,184.7,78.2
101.9939813,184.7,78.2
102.5906845,184.7,78.2
103.1883659,185.1,78.2
103.7851486,185.1,78.2
104.3842317,185.5,78.4
104.9803543,185.5,78.2
105.57652,185.5,78.4
106.1751683,185.8,78.4
106.7717586,185.8,78.4
107.37073,185.8,78.4
107.9668344,185.8,78.2
108.5616428,185.8,78.4
109.1578287,186.2,78.4
109.7694799,186.2,78.4
110.3685536,186.2,78.4
110.965907,185.8,78.4
111.5635748,186.2,78.2
112.1901279,186.2,78.2
112.8186143,186.2,78.2
113.4177263,186.2,78.1
114.029687,185.8,78.1
114.6429413,185.8,78.1
115.2383023,185.5,77.9
115.8514877,185.5,77.7
116.4643571,185.5,77.7
117.0626539,185.5,77.6
117.6751877,185.5,77.6
118.2574578,185.1,77.4
118.9030965,185.1,77.4
119.4857117,185.1,77.6
120.0852902,184.7,77.3
120.6995914,184.7,77.3
121.3282944,184.4,77.3
121.92835,184,77.1
122.5598736,184,77.1
123.186144,184,77.1
123.7978277,183.7,77.1
124.4237367,183.3,76.9
125.0206515,183,77.1
125.6148823,182.6,77.1
126.2133904,182.3,77.1
126.8405547,182.3,77.1
127.4527334,181.9,77.1
128.0472995,181.6,77.1
128.6607326,181.2,77.1
129.2598134,180.9,77.1
129.887197,180.5,77.1
130.500779,180.2,77.1
131.1094278,179.9,77.1
131.7217305,179.5,77.3
132.3196452,179.2,77.3
132.9308382,178.9,77.3
133.5283008,178.5,77.4
134.1549378,178.2,77.4
134.7357096,177.9,77.6
135.3324337,177.6,77.7
135.9269142,177.3,77.7
136.5402325,176.9,77.9
137.1527016,176.6,77.9
137.7487203,176.3,78.2
138.3611161,176,78.2
138.9880244,175.7,78.4
139.6007064,175.4,78.5
140.2317871,175.1,78.7
140.8122518,174.7,78.9
141.4071593,174.7,79
141.9944433,174.4,79.2
142.5915682,174.1,79.3
143.218432,173.8,79.5
143.8129349,173.8,79.5
144.4078343,173.5,79.8
145.0016726,173.5,80
145.6266978,173.5,80.1
146.2419968,173.5,80.3
146.8391902,173.5,80.4
147.4345391,173.5,80.6
148.001019,173.5,80.7
148.5986806,173.5,80.9
149.2263002,173.5,81
149.8397324,173.5,81.2
150.4512191,173.5,81.4
151.0475639,173.2,81.4
151.6438034,173.2,81.5
152.2567401,173.5,81.7
152.8846422,173.5,81.8
153.4778388,173.5,82
154.0743447,173.5,82.1
154.6719808,173.8,82.3
155.268513,173.8,82.4
155.880812,173.8,82.4
156.4763322,173.8,82.4
157.0703024,174.1,82.3
157.6668714,174.1,82.1
158.2635982,174.1,81.8
158.8586838,174.4,81.7
159.4547522,174.4,81.2
160.0495573,174.7,80.9
160.632037,174.7,80.6
161.2594932,175.1,80.4
161.8542324,175.1,80.3
162.4497504,175.1,80
163.0774267,175.4,79.8
163.6913282,175.4,79.8
164.285566,175.4,79.6
164.9155448,175.7,79.6
165.5109204,175.7,79.6
166.1070349,175.7,79.8
166.7191839,176,79.8
167.3168188,176,80
167.9298091,176,80.1
168.5575768,176.3,80.3
169.1512688,176.3,80.4
169.7656315,176.6,80.6
170.3938705,176.6,80.7
170.9915499,176.6,81
171.6039578,176.9,81.2
172.2141641,176.9,81.5
172.8254274,176.9,81.7
173.4222153,177.3,82
174.0196883,177.3,82.1
174.6479505,177.6,82.4
175.2424375,177.6,82.6
175.8388534,177.6,82.7
176.4487326,177.9,82.9
177.062156,177.9,82.9
177.668575,177.9,82.9
178.2817496,178.2,82.7
178.8776238,178.2,82.4
179.4899224,178.5,82.1
180.1317337,178.5,81.8
180.7608901,178.5,81.4
181.3744215,178.5,81
181.9871346,178.5,80.7
182.5863129,178.5,80.6
183.1822244,178.9,80.3
183.7804577,178.9,80.1
184.4074511,178.9,80.1
185.0046574,179.2,80.1
185.6011518,179.9,80.1
186.197643,179.9,80
186.797396,180.2,80.1
187.3958627,180.2,80.1
188.0251385,180.5,80.1
188.6236369,180.9,80.3
189.2478289,181.2,80.3
189.8461536,181.2,80.4
190.443778,181.9,80.4
191.0388619,182.3,80.6
191.6369898,182.3,80.6
192.2301112,182.6,80.6
192.8276235,183,80.6
193.4241063,183.3,80.7
194.0193208,183.7,80.7
194.6324975,184,80.7
195.2274976,184.4,80.7
195.8256797,184.7,80.7
196.4213737,185.1,80.7
197.019757,185.5,80.7
197.6169707,185.8,80.7
198.2131083,186.2,80.7
198.8081513,187,80.7
199.4065644,187.3,80.7
200.0367209,187.7,80.7
200.6355346,188.1,80.7
201.2328031,188.5,80.7
201.8318507,188.9,80.7
202.4297852,189.3,80.7
203.0262122,190.1,80.7
203.6260411,190.1,80.7
204.2176769,190.5,80.6
204.8122461,190.9,80.6
205.4105508,191.3,80.6
206.0411642,191.7,80.6
206.6385949,192.1,80.4
207.2323556,192.5,80.4
207.8255847,192.9,80.4
208.4213789,192.9,80.4
209.0486359,193.3,80.4
209.6454577,193.3,80.3
210.2428879,193.7,80.3
210.8402979,193.7,80.3
211.4374049,193.7,80.1
212.0367055,193.7,80.1
212.6327849,193.7,80.1
213.230415,193.7,80
213.8446306,193.7,80
214.4394305,193.7,79.8
215.0382064,193.7,79.8
215.6348274,193.7,79.8
216.2348542,193.3,79.8
216.8333418,193.3,79.6
217.4298058,193.3,79.6
218.0279761,193.3,79.6
218.6256746,192.9,79.5
219.2237614,192.9,79.5
219.8206757,192.9,79.3
220.415792,192.5,79.3
221.012542,192.5,79.3
221.6093949,192.1,79.2
222.2064222,192.1,79.3
222.8030826,192.1,79.2
223.4288508,192.1,79.2
224.0232075,191.7,79.2
224.619836,191.7,79
225.2184642,191.3,79
225.845936,191.3,78.9
226.4581783,191.3,78.9
227.0567037,190.9,78.9
227.6550876,191.3,78.9
228.2496145,190.9,78.7
228.8475528,190.9,78.7
229.4464488,190.9,78.7
230.0459296,190.9,78.5
230.6425881,190.5,78.5
231.2723708,190.1,78.4
231.8677207,190.1,78.4
232.4653682,189.7,78.4
233.063692,189.7,78.4
233.6601798,189.3,78.2
234.2594986,189.3,78.2
234.854553,189.3,78.1
235.4500996,188.9,78.1
236.0438625,188.9,78.1
236.6385265,188.5,78.1
237.2323149,188.5,78.1
237.8256193,188.5,78.1
238.4222277,188.1,77.9
239.0199837,188.1,77.9
239.6173358,188.1,77.9
240.21394,187.7,77.9
240.8130842,187.7,77.9
241.4110399,187.3,77.7
242.0077609,187.3,77.7
242.6035488,187.3,77.7
243.2305119,187.3,77.6
243.8295724,187,77.6
244.4288373,187,77.6
245.025063,187,77.4
245.6228159,186.6,77.4
246.2220159,186.2,77.3
246.8187042,186.2,77.3
247.4147001,186.2,77.1
248.0150781,185.8,76.9
248.6119828,185.8,76.8
249.2100976,185.5,76.8
249.8067739,185.5,76.6
250.4200391,185.1,76.5
251.0185751,185.1,76.5
251.615894,185.1,76.3
252.2036031,185.1,76.3
252.7906441,185.1,76.1
253.3863534,184.7,76.1
253.9813218,184.4,76
254.5622273,184,76
255.1580755,184,76
255.7526751,183.7,76
256.3678441,183.3,75.8
256.9622351,183,75.8
257.571214,183,75.8
258.1687693,182.3,75.8
258.7950738,182.3,75.8
259.4222522,181.6,75.8
260.0172401,181.2,75.8
260.6282585,180.9,75.6
261.2427729,180.5,75.8
261.8682663,180.2,75.8
262.46394,179.5,75.8
263.0606291,179.2,76
263.6890252,178.9,76
264.2851319,178.5,76
264.8816756,178.2,76
265.481585,178.2,76.3
266.0920145,177.6,76.3
266.7042487,177.3,76.5
267.3033801,176.9,76.6
267.8843334,176.6,76.6
268.5132196,176.3,76.8
269.1081552,176,76.9
269.7177592,175.7,77.1
270.3615596,175.7,77.3
270.9759246,175.4,77.4
271.5883125,175.1,77.6
272.1834786,174.7,77.7
272.7984439,174.4,77.9
273.3950298,174.4,78.1
274.0224107,174.1,78.2
274.6021665,174.1,78.4
275.2161619,174.1,78.5
275.8093889,174.1,78.7
276.4082819,174.1,78.9
277.0024137,174.1,79
277.5977757,174.1,79.2
278.2231489,174.1,79.5
278.822389,174.1,79.6
279.4179838,174.1,79.8
280.0137842,174.1,80
280.6081821,174.1,80.1
281.2007444,174.1,80.3
281.7985826,174.1,80.6
282.4087189,174.1,80.7
283.0056429,174.1,80.9
283.618034,174.1,81
284.2145996,174.1,81.4
284.8112995,174.4,81.5
285.4051345,174.1,81.7
285.9991103,174.4,81.8
286.5940376,174.4,82.1
287.2077935,174.4,82.3
287.8371462,174.4,82.4
288.4478429,174.7,82.6
289.0454757,174.7,82.7
289.6715189,175.1,82.7
290.2871521,175.1,82.6
290.8838154,175.4,82.3
291.4932947,175.4,82.1
292.092021,175.7,81.8
292.7029251,175.7,81.5
293.3141314,176,81.2
293.9121996,176,80.9
294.5076826,176.3,80.7
295.1165549,176.3,80.4
295.7129998,176.3,80.3
296.3268503,176.6,80.3
296.9232541,176.6,80.1
297.518033,176.9,80.1
298.1458596,177.3,80.3
298.7426409,177.3,80.3
299.3405798,177.3,80.3
299.9396194,177.6,80.6
300.5515517,177.6,80.6
301.16578,177.6,80.9
301.7756811,177.9,81
302.3900279,177.9,81.2
302.9861944,177.9,81.4
303.6140462,178.2,81.7
304.2094816,178.2,81.8
304.8053085,178.5,82.1
305.4015762,178.5,82.3
305.9990628,178.9,82.6
306.6286439,178.9,82.7
307.2545188,178.9,83
307.8486105,179.2,83
308.4489959,179.2,83
309.0445677,179.2,83
309.6579005,179.2,82.7
310.2378092,179.5,82.4
310.8325316,179.5,82.1
311.4463391,179.5,81.8
312.0588701,179.9,81.5
312.6540393,179.9,81.2
313.2529071,179.9,80.9
313.8488363,179.9,80.7
314.4455025,180.2,80.6
315.043694,180.5,80.4
315.6407922,180.5,80.3
316.2396961,180.9,80.1
316.8357873,181.2,80.1
317.4295157,181.6,80.1
318.0275765,181.6,80.1
318.6240119,181.9,80.1
319.2236188,181.9,80.1
319.8193225,182.3,80.1
320.4168907,182.3,80.1
321.0151863,182.6,80.1
321.6297422,183,80.1
322.2258412,183.3,80.1
322.8225545,183.7,80.1
323.41945,184,80.1
324.0159635,184.4,80.1
324.6107744,184.7,80.3
325.2096842,184.7,80.3
325.8067992,185.5,80.3
326.4026983,185.8,80.3
327.0010556,186.2,80.3
327.6302854,186.6,80.3
328.2397153,187,80.3
328.8364545,187.3,80.3
329.4307055,187.7,80.3
330.0292239,188.1,80.3
330.6252867,188.9,80.3
331.2382925,188.9,80.3
331.8677779,189.3,80.3
332.4661302,189.7,80.1
333.063174,190.1,80.1
333.694295,190.5,80.1
334.2900082,190.9,80.1
334.8875515,191.3,80.1
335.4865406,191.7,80
336.081324,191.7,80
336.6792994,192.1,80
337.2746051,192.1,80
337.8739789,192.5,79.8
338.4724292,192.5,79.8
339.0692567,192.9,79.8
339.6672501,193.3,79.6
340.261229,193.3,79.6
340.858534,193.7,79.6
341.4554675,193.7,79.5
342.0518418,193.7,79.5
342.6455624,193.7,79.5
343.2463053,193.7,79.3
343.8711847,193.7,79.3
344.4644319,193.7,79.2
345.0611034,193.7,79.3
345.6595574,193.7,79.2
346.2577336,193.7,79
346.8532277,193.7,79
347.4517073,193.7,79
348.0455347,193.7,79
348.6421317,193.3,78.9
349.2374345,193.3,78.9
349.8334309,193.3,78.9
350.4301755,193.3,78.9
351.0245293,193.3,78.7
351.6232622,192.9,78.7
352.2215246,192.9,78.7
352.8180979,192.5,78.5
353.4152965,192.5,78.5
354.0102633,192.5,78.4
354.6087321,192.1,78.4
355.2059917,192.1,78.4
355.801596,191.7,78.2
356.399862,191.7,78.2
356.9966027,191.7,78.2
357.5929023,191.3,78.2
358.207597,191.3,78.1
358.8040437,191.3,78.1
359.4014046,190.9,78.1
359.9966082,190.9,78.1
360.5953874,190.5,77.9
361.1934594,190.5,77.9
361.7901531,190.1,77.9
362.3882103,189.7,77.7
362.9846536,189.7,77.7
363.5811412,189.3,77.7
364.174408,189.3,77.7
364.7871444,189.3,77.6
365.3851045,188.9,77.6
365.9835556,188.9,77.6
366.5815957,188.5,77.6
367.1785918,188.5,77.4
367.7779444,188.5,77.4
368.3742139,188.1,77.4
369.0042172,187.7,77.4
369.6011134,187.7,77.4
370.2122875,187.7,77.3
370.810585,187.3,77.3
371.4186027,187.3,77.3
372.0124714,187,77.3
372.610298,187,77.3
373.2090879,186.6,77.3
373.8093275,186.6,77.3
374.4057511,186.6,77.3
375.0028261,186.6,77.3
375.6003044,186.2,77.3
376.1970297,186.2,77.1
376.7965602,185.8,77.1
377.3915168,185.8,77.1
377.9836525,185.8,77.1
378.5797212,185.1,77.1
379.1765478,185.1,77.1
379.7759836,185.1,77.1
380.3752626,185.1,77.1
381.0038847,184.7,77.1
381.6340451,184.7,77.1
382.227588,184.4,77.1
382.8235644,184.4,77.1
383.4185932,184.4,77.1
384.0165254,184.4,77.1
384.6127769,184,77.1
385.2099749,184,77.1
385.7986765,183.7,77.1
386.3957049,183.7,77.1
386.9924106,183.3,77.3
387.5888245,183.3,77.1
388.1851551,183.3,77.3
388.7816083,183.3,77.1
389.3790035,183.3,77.3
389.9745917,183,77.3
390.5699442,183,77.3
391.1635352,183,77.3
391.7588102,183,77.3
392.3544623,183,77.4
392.9495845,182.6,77.4
393.5454118,182.6,77.3
394.1429019,182.6,77.4
394.7376236,182.6,77.4
395.3332028,182.3,77.3
395.9310624,182.3,77.3
396.5299709,181.9,77.3
397.1288238,181.9,77.3
397.7223312,181.6,77.1
398.3357491,181.6,77.1
398.9325533,181.2,77.1
399.5290438,181.2,76.9
400.1255048,180.9,76.9
400.7531142,180.5,76.9
401.3744025,180.2,76.9
401.987107,179.9,76.9
402.5995436,179.5,76.9
403.2124588,179.5,76.9
403.7909177,179.2,76.9
404.4009372,178.9,76.8
405.0116678,178.9,76.9
405.6075499,178.5,76.9
406.2042693,178.2,76.9
406.8193089,177.9,76.9
407.4146465,177.6,76.9
408.0433527,177.6,77.1
408.6399314,176.9,77.1
409.2387572,176.9,77.1
409.8379952,176.6,77.3
410.4515061,176.3,77.3
411.0501097,176,77.4
411.6609036,175.7,77.4
412.2723292,175.7,77.6
412.8669606,175.4,77.7
413.4638466,175.4,77.9
414.0595115,175.4,78.1
414.6859175,175.1,78.2
415.2798452,175.1,78.4
415.8770865,175.1,78.5
416.474854,175.1,78.7
417.0716419,175.1,78.9
417.666024,175.1,79
418.2943039,175.1,79
418.8901073,175.1,79.3
419.4937742,175.1,79.5
420.1215642,175.1,79.6
420.7144669,175.1,79.8
421.3124415,175.1,80
421.9248962,175.1,80.3
422.555738,175.4,80.4
423.1700552,175.4,80.6
423.766987,175.4,80.9
424.4094072,175.4,81
425.0231729,175.7,81.2
425.6506156,175.7,81.4
426.2479567,176,81.5
426.8440193,176,81.8
427.4407808,176,81.8
428.0549259,176.3,82.1
428.6643789,176.6,82.3
429.2620172,176.9,82.4
429.8551506,176.9,82.6
430.4818425,177.3,82.7
431.092296,177.3,82.7
431.6879553,177.6,82.7
432.2850965,177.9,82.6
432.8958764,177.9,82.4
433.4900634,178.2,82.1
434.0871613,178.2,81.7
434.686162,178.9,81.5
435.2823807,178.9,81.2
435.8791415,178.9,80.7
436.4768609,179.2,80.4
437.1046239,179.5,80.1
437.7019194,179.5,80.1
438.2964294,179.9,79.8
438.9083035,179.9,79.8
439.5181216,180.2,79.6
440.1101849,180.5,79.6
440.705271,180.5,79.6
441.3315559,180.9,79.6
441.927488,180.9,79.6
442.5401972,181.2,79.8
443.1356783,181.2,79.8
443.73315,181.6,80
444.3280817,181.6,80.1
444.9395369,181.9,80.3
445.5521359,181.9,80.4
446.1507754,182.3,80.7
446.7482995,182.3,80.9
447.3444991,182.3,81
447.9410193,182.3,81.2
448.5381894,182.6,81.5
449.1346738,182.6,81.7
449.7314239,182.6,82
450.3125659,183,82.1
450.9069954,183,82.3
451.503733,183,82.6
452.1011162,183,82.7
452.7124831,183,82.9
453.3243384,183,83
453.9361451,183,83
454.559988,183,83
455.1570571,183,82.7
455.7538914,183,82.4
456.3524959,183,82.1
456.9465498,183,81.8
457.5430666,182.6,81.5
458.1378426,182.6,81
458.7511333,182.6,80.9
459.3324558,182.6,80.6
459.9284758,182.3,80.4
460.5241413,182.3,80.3
461.1219962,181.9,80.1
461.7185363,181.9,80.1
462.3118021,181.9,80.1
462.9040869,182.3,80.1
463.5018527,181.9,80.1
464.0973175,181.9,80.1
464.6958683,181.9,80.3
465.2915502,181.9,80.3
465.8885666,181.9,80.3
466.4871664,181.9,80.4
467.0849208,181.9,80.4
467.6809367,181.9,80.6
468.2951264,181.9,80.6
468.8896647,181.9,80.6
469.4876697,181.9,80.6
470.0833638,181.6,80.7
470.678917,181.9,80.7
471.2773258,181.6,80.7
471.8746478,181.9,80.9
472.4711883,181.9,80.9
473.068889,181.9,80.9
473.6642044,181.9,80.9
474.2627068,181.9,80.9
474.8909736,182.3,80.9
475.4889028,182.3,80.9
476.0891562,182.3,80.9
476.686057,182.6,80.9
477.2847932,182.6,80.9
477.8826075,182.6,80.7
478.4952656,183,80.7
479.0897756,183,80.7
479.6846339,183.3,80.7
480.2827812,183.7,80.7
480.8772304,183.7,80.7
481.4774423,184,80.6
482.1068486,184,80.6
482.7193424,184.4,80.6
483.3176472,184.4,80.4
483.91708,184.7,80.4
484.5134362,185.1,80.4
485.1110645,185.1,80.4
485.7076433,185.5,80.3
486.3081289,185.5,80.3
486.9064703,185.8,80.1
487.5035076,186.2,80.1
488.0999905,186.2,80.1
488.6972963,186.6,80
489.2979835,186.6,80
489.8969191,187,79.8
490.5252086,187,79.8
491.1236037,187.3,79.8
491.7208079,187.3,79.8
492.321808,187.7,79.6
492.9177173,187.7,79.6
493.5161288,188.1,79.5
494.1116694,188.1,79.5
494.7077903,188.1,79.5
495.3226926,188.1,79.3
495.9211982,188.1,79.3
496.5210522,188.1,79.3
497.1190503,188.1,79.2
497.7152533,188.1,79.2
498.3128362,188.1,79.2
498.9106233,188.1,79.2
499.5081373,188.1,79
500.1035837,188.1,79
500.7030912,188.1,78.9
501.2978113,188.1,78.9
501.8951039,188.1,78.9
502.5081532,188.1,78.7
503.1034249,187.7,78.7
503.7001439,187.7,78.7
504.2914068,187.7,78.7
504.887512,187.3,78.2
505.4841917,187.7,78.5
506.0787413,187.3,78.5
506.6748992,187.3,78.4
507.2717694,187.3,78.4
507.8682457,187,78.2
508.4670083,187,78.1
509.0637828,187,78.1
509.6913819,187,77.9
510.3203182,186.6,77.9
510.9200869,186.6,77.7
511.5176622,186.6,77.6
512.1166733,186.6,77.4
512.7141657,186.2,77.4
513.3118906,186.2,77.3
513.9073924,186.2,77.1
514.5059219,186.2,77.1
515.1027135,186.2,76.9
515.7013499,185.8,76.8
516.2976077,185.8,76.8
516.8921995,185.5,76.8
517.4921443,185.1,76.6
518.0879437,185.1,76.6
518.7026461,185.1,76.5
519.3002871,184.7,76.5
519.9123099,184.4,76.3
520.5091491,184,76.3
521.1082609,183.7,76.3
521.7365001,183.3,76.3
522.3350318,183,76.3
522.9590215,182.6,76.3
523.5517436,182.3,76.3
524.148746,181.9,76.3
524.7301083,181.6,76.3
525.3261192,181.2,76.3
525.9516928,180.9,76.3
526.5643355,180.5,76.3
527.1755283,180.2,76.3
527.8025422,179.9,76.3
528.400879,179.5,76.5
529.027559,179.2,76.5
529.6253693,178.9,76.5
530.2044385,178.5,76.6
530.8003021,178.2,76.8
531.3966787,177.9,76.8
532.0231454,177.6,76.9
532.6204423,177.6,76.9
533.2130525,177.3,77.1
533.8261941,176.9,77.3
534.4706971,176.6,77.4
535.0812124,176.3,77.4
535.7113069,176.3,77.7
536.3063549,176,77.7
536.9177044,175.7,77.9
537.5468179,175.4,78.1
538.14267,175.4,78.2
538.7693857,174.7,78.4
539.3830439,174.7,78.5
540.0096365,174.4,78.7
540.6239881,174.4,78.9
541.2193685,174.4,79
541.84667,174.1,79.2
542.4780202,174.1,79.3
543.1044734,173.8,79.5
543.7014923,173.8,79.6
544.3141084,173.8,80
544.9087822,173.8,80.1
545.5202873,173.8,80.3
546.1295906,173.8,80.4
546.7409739,173.8,80.6
547.3371203,174.1,80.7
547.9497702,174.1,80.9
548.5465978,174.1,81.2
549.1741647,174.1,81.4
549.7710703,174.1,81.5
550.399734,174.4,81.7
551.027578,174.4,82
551.6417772,174.4,82.1
552.2398788,174.7,82.3
552.8667243,174.7,82.4
553.4667728,174.7,82.7
554.0910913,174.7,82.9
554.7019288,175.1,82.9
555.3117164,175.1,83
555.9048158,175.4,82.9
556.5039703,175.4,82.7
557.0962531,175.7,82.4
557.6933372,175.7,82.1
558.3064733,176,81.8
558.918149,176,81.5
559.5301598,176,81.2
560.1577988,176,80.9
560.7250099,176.3,80.6
561.3202107,176.3,80.4
561.9478354,176.6,80.3
562.527357,176.6,80.3
563.1546969,176.9,80.1
563.7470174,176.9,80.1
564.3409887,176.9,80.3
564.9358728,177.3,80.3
565.5774342,177.3,80.3
566.1700964,177.3,80.4
566.7364743,177.6,80.6
567.3156424,177.6,80.7
567.9277748,177.9,80.9
568.5223218,177.9,81
569.1336895,177.9,81.2
569.7323778,178.2,81.5
570.3286807,178.2,81.8
570.9248955,178.5,82
571.5537929,178.5,82.1
572.1807039,178.5,82.4
572.7472007,178.9,82.7
573.3745054,178.9,82.9
573.9698017,178.9,83
574.565919,179.2,83.2
575.1593635,179.2,83.4
575.7713257,179.2,83.2
576.3696748,179.5,83
576.9997211,179.5,82.9
577.5945555,179.5,82.6
578.2205892,179.5,82.1
578.8156981,179.9,81.8
579.4150229,179.9,81.5
580.0391921,179.9,81.2
580.6351929,180.2,80.9
581.2313796,180.5,80.7
581.8166357,180.5,80.6
582.41354,181.2,80.4
583.0111682,181.2,80.3
583.6071646,181.6,80.1
584.2024144,181.9,80.1
584.8012284,181.9,80.1
585.3991168,182.3,80
585.9953375,182.3,80
586.5916029,182.6,80
587.1891214,183,80
587.7870362,183,80
588.3840729,183.3,80
588.979676,183.7,80
589.5735747,184,80
590.1698019,184.4,80
590.7673728,184.4,80
591.3633385,185.1,80
591.9758608,185.8,80
592.5727966,186.2,80
593.1694053,186.6,80
593.7822252,186.6,80
594.3803909,187,80
594.978959,187.7,80
595.5745031,188.1,80
596.1708408,188.5,80
596.7993623,188.9,80
597.3957706,189.3,80
597.9923235,189.7,80
598.5887978,190.1,79.8
599.183769,190.9,79.8
599.7816602,191.3,79.8
600.3768689,191.3,79.8
600.9741423,192.1,79.8
601.5873991,192.1,79.8
602.1863061,192.5,79.8
602.7835374,192.9,79.6
603.3813898,193.3,79.6
603.9806067,193.3,79.6
604.5790362,193.3,79.6
605.1757757,193.7,79.6
605.7718531,193.7,79.5
606.368934,193.7,79.5
606.9688022,193.7,79.5
607.5660058,193.7,79.5
608.164415,193.7,79.3
608.7628373,193.7,79.3
609.3599708,193.7,79.3
609.956997,193.3,79.2
610.5531899,193.3,79.2
611.1827318,193.3,79.2
611.777688,193.3,79
612.3753328,192.9,79
612.9705063,192.9,78.9
613.5661082,192.9,78.9
614.1630701,192.5,78.9
614.7606095,192.5,78.9
615.3567533,192.1,78.7
615.9521313,192.5,78.7
616.5502852,192.1,78.7
617.1480758,192.1,78.5
617.7465052,191.7,78.5
618.3431006,191.7,78.4
618.941107,191.3,78.4
619.5383891,191.3,78.2
620.135308,191.3,78.2
620.7304573,190.9,78.1
621.3286363,190.9,78.1
621.9568412,190.9,77.9
622.5540107,190.5,77.9
623.1514247,190.1,77.9
623.7645532,190.5,77.9
624.3787785,190.1,77.7
624.975175,190.1,77.7
625.5660349,189.7,77.6
626.1624642,189.7,77.4
626.7605702,189.3,77.4
627.3575941,189.3,77.3
627.9863563,189.3,77.3
628.5840839,188.9,77.1
629.1825233,188.9,77.1
629.7956452,188.9,76.9
630.3767641,188.5,76.9
630.9728853,188.1,76.8
631.5852444,187.7,76.8
632.1821067,187.7,76.8
632.810248,187.3,76.6
633.4083795,187,76.6
634.0368928,186.6,76.6
634.6179939,186.6,76.5
635.2126514,186.2,76.5
635.8090377,185.5,76.5
636.4202134,185.1,76.5
637.0192102,185.1,76.3
637.628177,184.7,76.5
638.2560486,184.4,76.5
638.8508429,183.7,76.5
639.4455513,183.7,76.5
640.0426483,183,76.5
640.6404374,183,76.6
641.2536784,182.6,76.6
641.8485386,182.3,76.8
642.4485824,181.9,76.8
643.0435922,181.6,76.9
643.6395834,181.2,76.9
644.2543501,180.9,77.1
644.8511767,180.5,77.3
645.4789576,180.2,77.4
646.0744128,179.9,77.4
646.6710799,179.5,77.4
647.2844429,179.2,77.7
647.8983027,178.9,77.7
648.5247106,178.5,77.9
649.1352974,178.2,78.1
649.7483447,178.2,78.2
650.3610175,177.9,78.4
650.9738403,177.6,78.5
651.5991829,177.3,78.9
652.1945296,177.3,79
652.8069692,176.9,79.2
653.4192203,176.9,79.3
654.0309334,176.6,79.5
654.6265443,176.6,79.6
655.2558686,176.6,79.8
655.8510763,176.3,80
656.4480989,176,80.3
657.0433197,176,80.4
657.6540807,175.7,80.4
658.2524011,175.7,80.7
658.8483928,175.4,80.9
659.4293499,175.1,81
660.0568687,175.1,81.2
660.6655339,174.7,81.4
661.277051,174.7,81.7
661.8712603,174.4,81.8
662.437749,174.4,82
663.0189311,174.4,82.1
663.6478098,174.4,82.3
664.2586401,174.4,82.4
664.8703372,174.4,82.7
665.4635529,174.7,82.9
666.0749219,174.7,83
666.6691629,174.7,83.2
667.2659184,174.7,83.2
667.8614128,175.1,83.4
668.4745613,175.1,83.4
669.0716926,175.1,83.2
669.6818262,175.1,83
670.2950429,175.1,82.7
670.8900203,175.1,82.4
671.4705487,175.4,82.1
672.081804,175.4,81.8
672.6602714,175.4,81.5
673.2585902,175.4,81.2
673.8546743,175.4,81
674.4674818,175.4,80.9
675.0800013,175.4,80.7
675.6594011,175.4,80.6
676.2558474,175.7,80.6
676.8669256,175.7,80.6
677.4807965,175.7,80.6
678.1060543,175.7,80.6
678.7183445,176,80.6
679.3312672,176,80.7
679.9589873,176,80.9
680.5546634,176,81
681.152872,176.3,81.2
681.7481574,176.3,81.4
682.3463683,176.6,81.5
682.9725038,176.6,81.7
683.5541822,176.9,81.8
684.1357458,176.9,82
684.7148984,176.9,82.1
685.3273024,176.9,82.4
685.921031,177.3,82.6
686.533345,177.3,82.7
687.1302948,177.3,82.9
687.7420246,177.6,83
688.3370466,177.6,83.2
688.9370839,177.9,83.4
689.5476463,177.9,83.4
690.1419158,177.9,83.2
690.7383739,178.2,83
691.3368054,178.2,82.7
691.9314298,178.5,82.3
692.5304578,178.9,82
693.1277305,179.2,81.7
693.7252696,179.2,81.2
694.3228229,179.5,80.9
694.9169446,179.5,80.6
695.5140734,179.9,80.3
696.1231755,179.9,80.1
696.7205017,180.2,79.8
697.3154345,180.5,79.6
697.9160943,180.9,79.5
698.5130438,181.2,79.3
699.1111965,181.6,79.3
699.7076682,181.9,79.2
700.3070061,182.3,79
700.9358636,182.6,79
701.5627834,183.3,79
702.1604432,183.7,78.9
702.757303,184,78.9
703.35717,184.4,78.9
703.9541456,185.1,78.9
704.582624,185.5,78.9
705.1798636,186.2,78.9
705.7759797,186.2,78.9
706.3712086,186.6,78.9
706.9696451,187.3,78.9
707.5665204,187.7,78.9
708.1595591,188.1,78.9
708.7594634,188.5,78.7
709.3583159,188.9,78.7
709.9556588,189.3,78.7
710.5527283,189.3,78.7
711.1488199,189.7,78.7
711.748209,190.1,78.7
712.3446558,190.5,78.7
712.9423534,190.9,78.5
713.5570164,191.3,78.5
714.1525628,191.7,78.5
714.7474568,192.1,78.5
715.3435931,192.1,78.4
715.9403133,192.5,78.4
716.539015,192.5,78.4
717.1355442,193.3,78.4
717.746932,193.3,78.4
718.3455611,193.3,78.4
718.9319191,193.7,78.4
719.5295904,193.7,78.2
720.1301529,193.7,78.2
720.7253291,193.7,78.2
721.3230086,193.7,78.2
721.9196038,194.2,78.2
722.5190422,193.7,78.2
723.1189756,193.7,78.1
723.7152673,193.7,78.1
724.3124887,193.7,78.1
724.9107624,193.3,78.1
725.5082615,193.3,78.1
726.1040531,193.3,78.1
726.7003104,192.9,77.9
727.295832,192.9,77.9
727.8945503,192.9,77.9
728.4942965,192.5,77.9
729.089744,192.5,77.9
729.6879148,192.5,77.9
730.2816842,192.5,77.9
730.8780813,192.1,77.9
731.4757608,192.1,77.9
732.0719785,192.1,77.9
732.7000851,192.1,77.9
733.295367,191.7,77.9
733.8941518,191.7,77.7
734.4936323,191.7,77.7
735.0902698,191.7,77.7
735.6888041,191.7,77.7
736.3170538,191.3,77.7
736.916529,191.3,77.7
737.5094648,191.3,77.7
738.1068114,190.9,77.7
738.7047782,190.9,77.9
739.2998004,190.5,77.7
739.8981615,190.5,77.7
740.5127231,190.1,77.6
741.1093954,190.1,77.7
741.7084274,189.7,77.6
742.3037319,189.7,77.6
742.9024496,189.7,77.6
743.5005065,189.3,77.4
744.092612,189.3,77.3
744.6901703,189.3,77.3
745.2880434,188.9,77.1
745.8826866,188.9,77.1
746.4802404,188.9,77.1
747.0740353,188.5,77.1
747.6718103,188.5,76.9
748.2707821,188.5,76.8
748.8670181,188.5,76.8
749.4638581,188.1,76.8
750.0746064,188.1,76.8
750.6718924,188.1,76.8
751.2832369,187.7,76.8
751.9103264,187.3,76.8
752.5395801,187,76.8
753.1491276,186.6,76.8
753.7631177,186.2,76.8
754.3576492,185.8,76.8
754.9670559,185.5,76.8
755.5791922,185.1,76.6
756.1747653,184.7,76.8
756.784223,184.4,76.8
757.3810696,184,76.8
757.9947683,183.7,76.8
758.6224896,183.3,76.8
759.216301,183,76.8
759.8116162,182.6,76.9
760.4075425,182.3,76.9
761.0221706,181.9,77.1
761.6340235,181.2,77.3
762.2280054,180.9,77.3
762.8387943,180.5,77.4
763.4373466,180.2,77.6
764.034216,179.9,77.7
764.644697,179.5,77.9
765.2389961,179.2,78.1
765.8829341,178.9,78.1
766.4778557,178.5,78.2
767.0893443,178.2,78.4
767.7017911,177.9,78.5
768.2993427,177.9,78.7
768.9290458,177.6,79
769.542487,177.3,79.2
770.1695267,176.9,79.3
770.7828724,176.9,79.6
771.3784984,176.6,79.6
772.0068055,176.6,79.8
772.6038744,176.3,80.1
773.2304583,176,80.3
773.8289862,176,80.4
774.4399068,176,80.6
775.0673202,176,80.7
775.663997,175.4,80.9
776.2735999,175.7,81
776.885923,175.4,81.4
777.4829305,175.4,81.5
778.0819786,175.4,81.7
778.6783718,175.1,81.7
779.2573237,175.1,82
779.8697579,174.7,82.1
780.4971735,174.7,82.3
781.0925603,174.7,82.4
781.6904978,174.7,82.6
782.3195189,174.4,82.7
782.9341553,174.4,82.9
783.5284451,174.4,83
784.1701987,174.7,82.9
784.7656682,174.7,82.7
785.3928885,174.7,82.4
786.0198124,175.1,82.1
786.6188869,175.1,81.8
787.214289,175.1,81.5
787.8105541,175.1,81
788.4397203,175.4,80.9
789.0522458,175.4,80.6
789.6635052,175.4,80.4
790.2411958,175.7,80.1
790.8695934,175.7,80.1
791.4784607,176,80
792.0916263,176,80
792.7046665,176.3,80
793.3312844,176.3,80
793.9602487,176.3,80
794.5716199,176.6,80.1
795.1841457,176.9,80.3
795.7787824,176.9,80.3
796.386503,177.3,80.4
797.0000263,177.3,80.6
797.6246681,177.6,80.7
798.2190185,177.9,80.9
798.8171957,178.2,81
799.428463,178.5,81.2
800.0248299,178.5,81.5
800.6699069,178.9,81.7
801.2789899,179.2,81.8
801.8905475,179.2,82.1
802.5025993,179.5,82.3
803.0702135,179.5,82.4
803.6955725,179.9,82.6
804.2912622,179.9,82.9
804.8894904,179.9,83
805.4998017,180.2,83.2
806.0949316,180.2,83.4
806.6900826,180.2,83.5
807.2865987,180.5,83.5
807.9013616,180.5,83.4
808.5289508,180.9,83.2
809.1526345,180.9,82.9
809.7628559,180.9,82.6
810.3735367,180.9,82.1
810.968903,181.2,81.8
811.5509277,181.2,81.5
812.1491616,181.2,81.2
812.7450935,181.6,81
813.3418873,181.9,80.7
813.9376551,182.3,80.6
814.5318685,182.3,80.4
815.1279583,182.6,80.4
815.7222468,183,80.3
816.318709,183,80.1
816.9180082,183.3,80.1
817.5154845,183.3,80.1
818.1134702,183.3,80
818.7100419,183.7,80
819.3364579,184,80
819.9361874,184.4,80
820.5489699,184.7,80
821.1473809,185.1,80
821.7755797,185.1,79.8
822.3707813,185.8,79.8
822.9662357,185.8,79.8
823.5661572,186.6,79.8
824.1625563,186.6,79.8
824.7584746,187,79.6
825.3536576,187,79.6
825.9511714,187.3,79.6
826.5632345,187.7,79.6
827.1913681,188.1,79.6
827.7921722,188.5,79.6
828.3895864,188.5,79.5
828.989269,188.9,79.6
829.585475,188.9,79.5
830.1815644,188.9,79.5
830.7807341,189.3,79.5
831.375615,189.3,79.5
831.9725908,189.7,79.3
832.570553,189.7,79.3
833.199015,189.7,79.3
833.7935422,189.7,79.3
834.3914006,189.7,79.3
834.990036,189.7,79.2
835.5819451,189.7,79.2
836.1813607,190.1,79.2
836.7822469,190.1,79.2
837.3786382,190.1,79.2
837.9706348,190.1,79.2
838.5672636,190.1,79
839.1829887,190.1,79.2
839.7791693,190.1,79
840.376572,190.1,79
840.9743571,190.1,79
841.5701798,189.7,79
842.1684315,189.7,78.9
842.7607042,189.7,78.9
843.3562517,189.7,78.9
843.9513701,189.3,78.7
844.5480452,189.3,78.9
845.1436002,188.9,78.7
845.7396051,188.9,78.7
846.3354382,188.9,78.7
846.9300272,188.9,78.7
847.558644,188.9,78.7
848.156934,188.1,78.5
848.7538489,188.1,78.5
849.351153,187.7,78.4
849.965099,187.7,78.4
850.5598467,187.3,78.4
851.1551567,187.3,78.2
851.749021,187,78.2
852.3439831,187,78.1
852.9365071,187,78.1
853.5335559,187,78.1
854.1305986,186.6,77.9
854.7301909,186.6,77.9
855.3584079,186.6,77.9
855.9733204,186.2,77.9
856.5695614,186.2,77.9
857.1661128,185.8,77.7
857.7637413,185.8,77.7
858.3936181,185.5,77.7
858.9875357,185.5,77.7
859.585158,185.5,77.7
860.1830662,185.1,77.6
860.7812373,185.1,77.7
861.3778544,185.1,77.6
861.9760045,185.1,77.6
862.5729368,184.7,77.6
863.171082,184.7,77.6
863.7668038,184.7,77.6
864.364253,184.7,77.6
864.9629216,184.7,77.6
865.5906236,184.4,77.6
866.1868675,184.4,77.6
866.7843748,184.4,77.6
867.3812589,184,77.6
867.9736025,184,77.6
868.5708772,184,77.4
869.165576,184,77.6
869.7595831,184,77.6
870.372283,183.7,77.6
871.00096,183.7,77.6
871.5966775,183.7,77.6
872.1965743,183.3,77.6
872.7922442,183.3,77.6
873.3916366,183,77.4
873.9888281,183,77.6
874.586498,183,77.4
875.1812536,182.6,77.4
875.7808293,182.6,77.4
876.3923518,182.3,77.4
876.9896865,182.3,77.3
877.5868193,181.9,77.3
878.1858152,181.9,77.3
878.7806353,181.6,77.1
879.3956246,181.6,77.1
879.9954508,181.2,76.9
880.5911757,181.2,76.8
881.1909847,180.9,76.8
881.7881071,180.5,76.8
882.3870783,180.5,76.6
882.9849822,180.2,76.6
883.5796856,180.2,76.5
884.1791621,180.2,76.5
884.7755374,179.9,76.5
885.3891354,179.9,76.3
886.0169958,179.5,76.5
886.6310417,179.5,76.3
887.240042,179.2,76.5
887.8503534,178.9,76.5
888.4482645,178.5,76.5
889.0756105,178.5,76.5
889.6717126,178.2,76.5
890.2511632,177.9,76.6
890.8779213,177.6,76.6
891.5053685,177.6,76.6
892.1004752,177.6,76.8
892.6825114,177.3,76.8
893.3090354,177.3,76.9
893.9369898,176.9,76.9
894.5321,176.9,76.9
895.158394,176.6,77.1
895.7551836,176.3,77.3
896.3505052,176.3,77.3
896.9459282,176,77.3
897.526949,176,77.6
898.1239687,175.7,77.6
898.7507246,175.7,77.9
899.3801875,175.4,78.1
899.9784874,175.4,78.2
900.5907319,175.1,78.4
901.1866751,175.1,78.5
901.8125215,175.1,78.7
902.4260373,175.1,78.9
903.0217483,175.1,79
903.6350114,175.1,79.3
904.2643642,175.1,79.5
904.8937387,175.1,79.6
905.5066726,175.4,80
906.0997866,175.4,80
906.7092334,175.4,80.3
907.3234554,175.4,80.4
907.9208965,175.4,80.6
908.5355988,175.7,80.9
909.179005,175.7,81
909.7900428,176,81.2
910.4019055,176,81.4
910.9969642,176,81.7
911.5935416,176.3,81.8
912.1878517,176.3,82
912.783328,176.6,82.1
913.3965403,176.9,82.3
913.9925208,176.9,82.6
914.6042434,177.3,82.7
915.2010221,177.3,82.9
915.8103619,177.6,83
916.404182,177.9,83.2
916.9957775,177.9,83.2
917.5923338,178.2,83
918.2033656,178.5,82.7
918.8313544,178.5,82.6
919.4268891,178.9,82.3
920.0219901,178.9,81.8
920.6186521,179.2,81.5
921.2465825,179.5,81.2
921.8728679,179.5,80.9
922.4852868,179.9,80.6
923.0962381,180.2,80.4
923.7046093,180.2,80.3
924.3006302,180.5,80.1
924.9137404,180.9,80.1
925.5108308,180.9,80.1
926.1069496,181.2,80.1
926.7034622,181.2,80.3
927.2984283,181.2,80.3
927.8938436,181.6,80.4
928.5083968,181.6,80.6
929.1187904,181.9,80.7
929.7467165,181.9,80.9
930.3750111,182.3,81
930.9550461,182.3,81.2
931.5635422,182.6,81.4
932.1585429,182.6,81.7
932.7548366,183,81.8
933.3512185,182.6,82
933.9472233,183,82.3
934.5611788,183,82.6
935.1907905,183.3,82.7
935.8027174,183.3,83
936.4007026,183.3,83.2
937.0101124,183.3,83.4
937.5772658,183.3,83.2
938.1741378,183.3,83.2
938.7861619,183.3,83
939.3991919,183.3,82.7
940.0113257,183.3,82.4
940.6088402,183.3,82
941.2044854,183.3,81.7
941.806022,183.3,81.5
942.401595,183,81.2
942.998133,183,80.9
943.5933002,183,80.9
944.1917066,183,80.7
944.7875686,183,80.6
945.385866,182.6,80.7
945.9830359,182.6,80.7
946.5795412,182.3,80.7
947.1761914,182.3,80.7
947.7732929,182.3,80.9
948.3858056,182.3,81
948.9820398,182.3,81.2
949.5797864,182.3,81.4
950.2097112,182.3,81.5
950.8078655,181.9,81.5
951.4050333,182.3,81.7
951.9979458,182.3,81.8
952.5951699,182.3,81.8
953.191513,182.3,82
953.7868518,182.3,82.1
954.3858892,181.9,82
954.9825078,182.3,82.1
955.5773928,181.9,82.1
956.1731567,181.9,82.3
956.7703408,181.9,82.3
957.3654994,181.9,82.3
957.95907,181.9,82.3
958.5586623,182.3,82.3
959.1534396,182.3,82.3
959.7680031,182.3,82.3
960.3656072,182.3,82.1
960.9903879,182.6,82.1
961.5890916,182.6,82.3
962.1597259,183,82
962.7443977,183,82
963.3206181,183.3,82
963.9272569,183.3,82
964.5404396,183.7,82
965.1026402,183.7,81.8
965.6741607,184,81.8
966.2472619,184,81.8
966.8210638,184.4,81.7
967.4392045,184.4,81.7
968.0414374,184.4,81.7
968.6119906,184.4,81.5
969.2081021,184.7,81.5
969.7792765,184.7,81.4
970.3582904,185.1,81.4
970.9753533,185.1,81.2
971.5614035,185.5,81.2
972.1741251,185.5,81.2
972.7948652,185.8,81
973.3984184,185.8,81
974.0165708,186.2,81
974.6362952,186.2,81
975.2040994,186.6,80.9
975.8061681,187,80.9
976.4202043,187,80.9
977.0314219,187,80.9
977.633679,187.3,80.9
978.2433642,187.7,80.9
978.8541202,187.3,80.7
979.4185745,187.7,80.7
979.9829628,187.7,80.7
980.595919,187.7,80.7
981.1652428,188.1,80.7
981.776865,187.7,80.7
982.3906516,188.1,80.7
982.9659492,188.1,80.7
983.5625299,187.7,80.6
984.1777253,187.7,80.6
984.7832317,187.7,80.6
985.3878373,187.7,80.6
986.0049847,187.7,80.4
986.5732818,187.7,80.4
987.1847574,187.3,80.3
987.7828247,187.3,80.3
988.3791115,187.3,80.1
988.9753445,187,80.3
989.570993,187,80.3
990.1636714,187,80.1
990.7777487,187,80
991.4063046,186.6,80.1
992.0002414,186.2,80
992.6136472,186.2,80
993.2129837,185.8,80
993.8087219,185.8,79.8
994.4051802,185.8,79.8
995.0351922,185.5,79.6
995.6334158,185.5,79.5
996.2288779,185.1,79.5
996.8249372,185.1,79.3
997.4211254,185.1,79.2
998.0337172,185.1,79.2
998.6319972,184.7,78.9
999.227611,184.7,78.9
999.8408977,184.4,78.7
1000.4350422,184.4,78.5
1001.0326922,184.4,78.5
1001.6282676,184,78.4
1002.2409596,184,78.2
1002.8347628,183.7,78.2
1003.4291259,183.3,78.1
1004.0226525,183,78.1
1004.6218394,182.6,77.9
1005.2195786,182.3,77.9
1005.8156379,181.9,77.7
1006.4117491,181.6,77.7
1007.0258785,181.2,77.7
1007.618359,180.9,77.6
1008.2150756,180.5,77.6
1008.8094549,180.2,77.6
1009.4052314,179.5,77.6
1010.0201451,179.5,77.4
1010.6148908,179.2,77.4
1011.2114007,178.5,77.4
1011.8073271,178.2,77.4
1012.4160958,177.9,77.4
1013.0126339,177.6,77.4
1013.6075282,177.3,77.4
1014.2027974,176.9,77.4
1014.7989413,176.6,77.6
1015.3939467,176.3,77.6
1015.9923337,176,77.6
1016.587922,175.7,77.7
1017.184273,175.4,77.7
1017.7768453,175.4,77.9
1018.3738057,175.1,77.9
1018.9754722,174.7,78.1
1019.556159,174.7,78.2
1020.1527185,174.4,78.4
1020.7323161,174.4,78.4
1021.326493,174.4,78.5
1021.9209467,174.4,78.7
1022.5180092,174.1,78.7
1023.1137145,174.1,78.9
1023.7081321,174.4,79
1024.3035143,174.1,79
1024.9327356,174.4,79.2
1025.560089,174.4,79.3
1026.1570341,174.4,79.5
1026.7515599,174.4,79.6
1027.3473386,174.4,79.8
1027.959507,174.4,79.8
1028.5549365,174.4,80
1029.1655395,174.4,80.1
1029.761489,174.4,80.3
1030.359688,174.4,80.4
1030.9699932,174.7,80.6
1031.5831391,175.1,80.7
1032.1808149,175.1,80.9
1032.7777922,175.1,81
1033.3903661,175.1,81
1033.9850646,175.1,81.2
1034.5822638,175.4,81.4
1035.1961248,175.4,81.4
1035.7904847,175.4,81.5
1036.3846727,175.7,81.7
1036.982268,176,81.8
1037.5948711,176,81.8
1038.1898464,176.3,82
1038.7875575,176.3,82.1
1039.3692389,176.6,82.3
1039.9670792,176.9,82.3
1040.5608076,176.9,82.4
1041.1717474,177.3,82.6
1041.7663913,177.3,82.7
1042.394023,177.6,82.9
1042.9894034,177.9,83
1043.6030051,177.9,83.2
1044.2169014,178.2,83.4
1044.8275673,178.2,83.4
1045.4409185,178.5,83.2
1046.0356074,178.9,83.2
1046.6634718,178.9,82.9
1047.2875702,178.9,82.7
1047.8819291,179.2,82.3
1048.4952284,179.2,82
1049.1234719,179.5,81.7
1049.7050213,179.5,81.5
1050.29647,179.9,81.2
1050.8921634,179.9,81
1051.4866145,179.9,80.9
1052.084143,180.2,80.7
1052.6952979,180.2,80.6
1053.3244442,180.2,80.7
1053.9190208,180.5,80.7
1054.5013854,180.5,80.7
1055.1148727,180.5,80.7
1055.7112004,180.9,80.9
1056.305671,180.9,81
1056.9017232,180.9,81.2
1057.4998793,180.9,81.4
1058.0964517,180.9,81.7
1058.7250782,181.2,81.8
1059.3370702,181.2,82
1059.9599453,181.2,82.3
1060.5708251,181.2,82.4
1061.1694747,181.2,82.6
1061.7655942,181.2,82.9
1062.362173,181.6,83.2
1062.9602093,181.6,83.2
1063.5727997,181.9,83.4
1064.1690202,182.3,83.4
1064.7852921,182.3,83.2
1065.3825771,182.6,83
1065.9788646,182.6,82.6
1066.5737093,183,82.3
1067.1731957,183,81.8
1067.7693913,183.3,81.5
1068.3652079,183.3,81
1068.9796561,183.3,80.6
1069.5779505,183.3,80.3
1070.1766563,183.7,79.8
1070.7740374,184,79.6
1071.3685322,184.4,79.3
1071.9636047,184.7,79
1072.5586098,184.7,79
1073.1565005,185.1,78.9
1073.7535354,185.5,78.7
1074.3474957,185.8,78.4
1074.9449709,186.2,78.4
1075.5423382,186.2,78.4
1076.1409792,186.6,78.4
1076.766352,187,78.2
1077.3643531,187,78.2
1077.9575208,187.3,78.2
1078.5555228,187.7,78.2
1079.1503544,188.1,78.2
1079.7473036,188.5,78.2
1080.3454545,188.9,78.2
1080.9573217,188.9,78.2
1081.5508987,189.3,78.2
1082.1468072,189.7,78.2
1082.7418271,189.7,78.2
1083.3415252,190.1,78.4
1083.9388088,190.1,78.2
1084.535985,190.1,78.4
1085.1338498,190.5,78.4
1085.7289669,190.5,78.4
1086.3261943,190.5,78.4
1086.9253578,190.9,78.4
1087.5549259,190.9,78.4
1088.1511321,190.9,78.4
1088.7615092,190.9,78.4
1089.3597948,190.9,78.4
1089.957922,190.9,78.5
1090.5565735,190.9,78.5
1091.1553381,190.5,78.5
1091.7512416,190.5,78.5
1092.3477231,190.5,78.5
1092.9444479,190.5,78.5
1093.5749582,190.5,78.5
1094.1690826,190.5,78.5
1094.7664128,190.5,78.5
1095.3660106,189.7,78.5
1095.963246,190.1,78.7
1096.558727,190.1,78.7
1097.1563873,190.1,78.7
1097.7536849,189.7,78.7
1098.3534653,189.7,78.7
1098.9663559,189.7,78.7
1099.562396,189.3,78.7
1100.1571784,189.3,78.7
1100.7546033,188.9,78.7
1101.3536627,188.5,78.7
1101.9659832,188.5,78.7
1102.5628338,188.5,78.9
1103.1601176,188.1,78.7
1103.7561884,187.7,78.7
1104.3573009,187.7,78.5
1104.9565355,187.3,78.7
1105.5854739,187.3,78.7
1106.214272,187,78.7
1106.810982,187,78.5
1107.4106566,186.6,78.7
1108.0071728,186.6,78.5
1108.600801,186.2,78.7
1109.1943705,186.2,78.7
1109.7759666,186.2,78.5
1110.3725785,185.8,78.5
1110.9687018,185.5,78.5
1111.5646264,185.5,78.5
1112.1799792,185.1,78.5
1112.7782022,185.1,78.5
1113.3767172,185.1,78.5
1113.9725515,184.7,78.5
1114.6012742,184.7,78.5
1115.2001157,184.4,78.5
1115.7950283,184.4,78.4
1116.3929087,184.4,78.2
1116.9923879,184,78.4
1117.5890721,184,78.2
1118.1877561,184,78.1
1118.8176396,183.7,78.2
1119.4172773,183.7,78.1
1120.0137967,183.7,78.1
1120.6115301,183.7,77.9
1121.206494,183.3,77.9
1121.82666,183.3,77.7
1122.4363065,183,77.7
1123.0496795,182.6,77.7
1123.6623339,182.6,77.7
1124.2579418,182.3,77.6
1124.8544186,181.9,77.6
1125.4505886,181.6,77.6
1126.0468481,181.6,77.6
1126.6414842,180.9,77.6
1127.2536605,180.9,77.6
1127.8504987,180.5,77.6
1128.4288372,179.9,77.6
1129.039408,179.5,77.6
1129.6388595,179.5,77.7
1130.2346982,179.2,77.7
1130.862688,178.5,77.7
1131.4761538,178.2,77.9
1132.1016269,177.9,77.9
1132.7153818,177.6,77.9
1133.3132783,177.3,77.9
1133.9074349,176.9,78.1
1134.4992746,176.6,78.1
1135.0931468,176.3,78.2
1135.7220773,176,78.4
1136.3357504,175.4,78.4
1136.94923,175.4,78.5
1137.5320212,175.1,78.7
1138.1263555,174.7,78.9
1138.7219057,174.4,79
1139.3217103,174.4,79.2
1139.935647,174.4,79.3
1140.5324178,174.1,79.5
1141.1455402,174.1,79.6
1141.7572758,174.1,79.8
1142.3819948,174.1,80
1142.9784068,174.4,80.1
1143.5732938,174.4,80.3
1144.1701108,174.4,80.4
1144.7825118,174.1,80.4
1145.3792786,174.1,80.7
1145.9606816,174.4,80.9
1146.55524,174.1,81
1147.16638,174.1,81.2
1147.7639289,174.4,81.4
1148.3565869,174.4,81.5
1148.9552439,174.4,81.7
1149.5993042,174.4,81.8
1150.2261232,174.4,82
1150.8227938,174.4,82.1
1151.4206168,174.7,82.3
1152.0462031,174.7,82.4
1152.6427137,174.7,82.4
1153.2388779,175.1,82.6
1153.8377484,175.1,82.7
1154.4339639,175.4,82.9
1155.012834,175.4,83
1155.6400456,175.7,83.2
1156.2508849,175.7,83.4
1156.8440501,176,83.4
1157.4390828,176.3,83.4
1158.0359785,176.3,83.2
1158.6026536,176.6,83
1159.1976024,176.6,82.7
1159.8277323,176.9,82.4
1160.422857,176.9,82.1
1161.0187588,177.3,81.8
1161.6330067,177.6,81.5
1162.2430835,177.6,81.2
1162.8696957,177.9,81
1163.4834589,178.2,80.7
1164.0774732,178.2,80.6
1164.675059,178.5,80.4
1165.2701216,178.5,80.4
1165.8673053,178.5,80.3
1166.4793714,178.9,80.3
1167.0916416,179.2,80.4
1167.6574958,179.5,80.4
1168.2558867,179.5,80.4
1168.8345884,179.9,80.6
1169.4444622,179.9,80.7
1170.0056029,180.2,80.7
1170.5768448,180.5,80.9
1171.1477365,180.5,81
1171.7277371,180.9,81.2
1172.3377178,180.9,81.4
1172.8997613,180.9,81.5
1173.4798121,181.6,81.8
1174.050014,181.2,81.8
1174.6568961,181.2,82.1
1175.252889,181.6,82.3
1175.8614218,181.6,82.4
1176.4248174,181.9,82.6
1177.0146462,181.9,82.9
1177.5783818,181.9,83
1178.1582866,181.9,83.2
1178.7545124,181.9,83.4
1179.3461999,181.9,83.5
1179.9278912,182.3,83.5
1180.4863244,182.3,83.5
1181.073473,182.3,83.4
1181.6404503,182.3,83
1182.2408935,182.3,82.7
1182.8337082,182.3,82.6
1183.4167876,182.6,82.1
1183.997852,183,81.8
1184.5858709,183,81.5
1185.1662448,183.3,81.2
1185.7858548,183.7,80.9
1186.39175,183.7,80.7
1186.9767578,183.7,80.6
1187.5643138,183.7,80.4
1188.1637345,184,80.3
1188.7773105,184.4,80.1
1189.3686974,184.4,80
1189.9742312,184.7,80
1190.5578076,184.7,79.8
1191.1504629,185.1,79.6
1191.7438222,185.1,79.8
1192.322783,185.5,79.8
1192.9076744,185.8,79.6
1193.5109794,186.2,79.6
1194.1053666,186.6,79.6
1194.7025764,186.6,79.6
1195.3017314,186.6,79.6
1195.8871014,187,79.6
1196.4449715,187,79.6
1197.0423773,187.3,79.6
1197.6606923,187.3,79.6
1198.2610416,187.7,79.6
1198.8416481,188.1,79.6
1199.4371324,188.1,79.6
1200.041851,188.1,79.6
1200.6182916,188.5,79.6
1201.2289795,188.5,79.6
1201.8215958,188.9,79.5
1202.426034,188.9,79.5
1203.0416686,188.9,79.5
1203.6403355,188.9,79.5
1204.2262832,189.3,79.5
1204.8329983,189.3,79.3
1205.42893,189.3,79.3
1206.0283688,189.3,79.3
1206.6360459,188.9,79.2
1207.2171419,189.3,79.3
1207.8073081,189.3,79.2
1208.4242024,189.3,79.2
1209.0213854,188.9,79.2
1209.6277871,188.9,79.2
1210.2233123,188.9,79
1210.8002896,188.9,79
1211.4142304,188.9,78.9
1212.0096826,188.5,78.9
1212.6064532,188.5,78.7
1213.1818684,188.5,78.9
1213.7710374,188.1,78.9
1214.3692451,187.7,78.7
1214.9335478,187.7,78.7
1215.5567631,187.3,78.5
1216.1439916,187.3,78.5
1216.7502611,187,78.4
1217.3632201,187,78.4
1217.9452728,187,78.4
1218.5348047,186.6,78.4
1219.1476163,186.6,78.4
1219.7383003,186.2,78.2
1220.3363093,186.2,78.2
1220.936875,185.8,78.1
1221.527002,185.8,78.1
1222.1251131,185.5,78.1
1222.7063582,185.5,78.1
1223.3197551,185.5,77.9
1223.8792744,185.1,77.9
1224.4745538,185.1,77.9
1225.0603964,185.1,77.9
1225.6473863,184.7,77.7
1226.2479026,184.7,77.7
1226.8506584,184.4,77.7
1227.4518647,184,77.7
1228.0569642,184,77.7
1228.6518818,184,77.6
1229.2673328,183.7,77.7
1229.8724249,183.7,77.6
1230.4683726,183.3,77.6
1231.0560769,183.3,77.6
1231.6593602,183,77.4
1232.2681084,183,77.4
1232.8378531,182.6,77.4
1233.4347921,182.6,77.4
1234.0386762,182.6,77.4
1234.6186053,182.3,77.4
1235.2154007,182.3,77.4
1235.7940763,182.3,77.4
1236.3984661,181.9,77.4
1236.984677,181.9,77.4
1237.5833276,181.9,77.4
1238.1749876,181.9,77.4
1238.7751584,181.9,77.6
1239.3756185,181.6,77.6
1239.9631128,181.6,77.6
1240.5486914,181.6,77.6
1241.1421428,181.2,77.6
1241.7377129,181.2,77.6
1242.3345638,181.2,77.6
1242.9321537,181.2,77.6
1243.5118896,180.9,77.6
1244.0982513,180.9,77.6
1244.6992051,180.9,77.6
1245.3012862,180.9,77.7
1245.8984158,180.9,77.7
1246.471771,180.5,77.7
1247.0593368,180.5,77.7
1247.6474969,180.5,77.7
1248.2265941,180.5,77.9
1248.8117485,180.5,77.9
1249.3983309,180.5,77.9
1249.9989217,180.5,77.9
1250.5886791,180.5,77.9
1251.1844588,180.5,77.9
1251.780149,180.2,77.9
1252.3892464,180.2,77.9
1252.9968124,180.2,77.9
1253.6157831,180.2,77.9
1254.2174285,180.2,77.9
1254.8044793,180.2,77.7
1255.3911389,180.2,77.7
1255.9940789,179.9,77.7
1256.5861586,179.9,77.6
1257.1631949,179.9,77.6
1257.7708899,179.9,77.6
1258.360804,179.9,77.4
1258.9629553,180.2,77.4
1259.5506152,180.2,77.3
1260.1496441,180.2,77.3
1260.7570616,180.5,77.3
1261.3487705,180.5,77.1
1261.9488802,180.5,77.1
1262.5512349,180.9,77.1
1263.1612501,180.9,77.1
1263.753105,180.9,77.1
1264.3680044,180.9,77.1
1264.9392206,180.9,77.1
1265.5252278,180.5,77.1
1266.1221769,180.5,77.1
1266.723892,180.5,77.3
1267.3239108,180.2,77.3
1267.9413921,180.2,77.3
1268.4976752,179.9,77.3
1269.080538,179.9,77.3
1269.705548,179.9,77.3
1270.2805794,179.9,77.4
1270.8509696,179.5,77.4
1271.4462679,179.5,77.4
1272.0359458,179.5,77.6
1272.6066603,179.5,77.6
1273.170583,179.2,77.6
1273.7302414,179.2,77.7
1274.3348463,179.2,77.7
1274.9247308,179.2,77.9
1275.536289,178.9,78.1
1276.1390341,178.9,78.1
1276.7495842,178.9,78.2
1277.354334,178.9,78.4
1277.9247405,178.9,78.5
1278.4947438,178.5,78.7
1279.0888064,178.9,78.9
1279.6672636,178.9,79
1280.3018123,178.9,79.3
1280.9040935,179.2,79.3
1281.4981891,178.9,79.5
1282.1043466,179.2,79.6
1282.7095362,179.2,80
1283.2680264,179.2,80
1283.8612118,179.5,80.3
1284.4339181,179.2,80.6
1285.0024554,179.5,80.7
1285.6119348,179.5,80.9
1286.1743863,179.5,81
1286.7443918,179.5,81.4
1287.3157763,179.5,81.5
1287.9293335,179.5,81.7
1288.5087579,179.9,81.8
1289.103479,179.9,82.1
1289.7004623,179.9,82.3
1290.2605233,180.2,82.4
1290.8736462,180.2,82.6
1291.4779135,180.5,82.9
1292.0718413,180.5,83
1292.6359317,180.9,83
1293.2100303,180.9,83.2
1293.8032596,180.9,83.2
1294.4081445,181.2,82.9
1295.0235698,181.2,82.7
1295.5902771,181.2,82.4
1296.1755272,181.6,82.1
1296.7605362,181.6,81.7
1297.3265565,181.6,81.5
1297.9290609,181.6,81.4
1298.5335392,181.6,81
1299.1279139,181.9,80.7
1299.7458801,181.9,80.6
1300.3430863,181.9,80.6
1300.9579809,182.3,80.4
1301.5682344,182.3,80.4
1302.1327876,182.6,80.4
1302.726948,182.3,80.4
1303.3036697,182.3,80.4
1303.8973206,182.3,80.4
1304.4927307,182.6,80.6
1305.0582118,182.6,80.7
1305.6534821,182.6,80.7
1306.2482612,182.6,80.9
1306.8598609,182.6,81
1307.4737225,182.6,81.4
1308.0684464,182.6,81.5
1308.6666757,182.6,81.7
1309.2930849,182.6,81.8
1309.8881726,182.6,82
1310.4841994,182.6,82.1
1311.0811151,182.6,82.4
1311.6886996,182.6,82.6
1312.2871405,182.3,82.9
1312.8837144,182.6,83
1313.5106121,182.3,83.2
1314.1222939,182.3,83.4
1314.7357864,182.3,83.4
1315.3617836,181.9,83.4
1315.9413667,181.9,83
1316.5204444,181.9,82.9
1317.1315832,181.6,82.6
1317.7322783,181.6,82.3
1318.3114181,181.2,82
1318.9301045,180.9,81.7
1319.5290059,180.9,81.4
1320.1427551,180.9,81.2
1320.7392156,180.9,81
1321.348866,180.5,80.9
1321.9776848,180.5,80.9
1322.5908681,180.2,80.7
1323.1870434,179.9,80.7
1323.7858554,179.5,80.9
1324.3837094,179.5,80.9
1324.9792879,179.5,81
1325.5783323,179.2,81
1326.176637,179.2,81.2
1326.7746157,179.2,81.4
1327.3707178,178.9,81.5
1327.9668796,178.9,81.7
1328.565886,178.9,81.7
1329.1640956,178.5,81.8
1329.7586785,178.5,81.8
1330.3554814,178.5,82
1330.9496157,178.5,82.1
1331.5480358,178.5,82.1
1332.1477451,178.5,82.3
1332.7441194,178.5,82.3
1333.3402467,178.9,82.3
1333.9372038,178.9,82.3
1334.5351945,179.2,82.3
1335.1627061,179.2,82.4
1335.760506,179.2,82.4
1336.3713057,179.5,82.4
1336.9691494,179.5,82.4
1337.567478,179.5,82.3
1338.1637296,179.5,82.3
1338.7616508,179.5,82.3
1339.3589349,179.5,82.3
1339.957964,180.2,82.1
1340.5879053,180.2,82.1
1341.1838491,180.5,82.1
1341.7821519,180.9,82
1342.380031,180.9,82
1342.9775471,181.2,82
1343.5743876,181.6,82
1344.1715115,181.9,81.8
1344.7683861,182.3,81.8
1345.365939,182.6,81.8
1345.9655646,183,81.7
1346.5939229,183.7,81.7
1347.1929389,184,81.7
1347.7889249,184.4,81.7
1348.3857013,184.7,81.7
1348.9841822,185.1,81.5
1349.5799774,185.8,81.5
1350.1754991,186.2,81.4
1350.7734406,186.6,81.4
1351.3697191,187.3,81.4
1351.9589149,187.7,81.5
1352.5580318,188.1,81.4
1353.1830476,188.9,81.4
1353.7805018,189.3,81.2
1354.3761819,189.7,81.2
1354.9729443,190.1,81.2
1355.5714495,190.9,81.2
1356.1660934,190.9,81
1356.7616984,191.3,81
1357.3553357,191.7,81
1357.9512335,192.1,80.9
1358.5484959,192.1,80.9
1359.1641017,192.5,80.9
1359.793468,192.9,80.7
1360.3887729,193.3,80.7
1360.983674,193.3,80.6
1361.5827639,193.3,80.6
1362.1808395,193.7,80.4
1362.776564,193.7,80.3
1363.3764296,193.7,80.3
1363.9886361,193.7,80.1
1364.5709551,193.7,80
1365.1810473,193.7,79.8
1365.7628741,193.7,79.6
1366.4054425,193.7,79.6
1367.0018992,193.3,79.5
1367.612789,192.9,79.3
1368.2423513,192.9,79.3
1368.8238208,192.5,79.2
1369.452191,192.1,79
1370.0483,191.7,79
1370.6470899,191.3,78.9
1371.2593923,191.3,78.9
1371.854431,190.9,78.7
1372.4655727,190.5,78.7
1373.0463545,190.1,78.5
1373.6533061,189.7,78.5
1374.251243,188.9,78.5
1374.8324251,188.9,78.5
1375.4289756,188.5,78.5
1376.0266864,188.1,78.5
1376.6516678,187.7,78.5
1377.2484505,187.3,78.4
1377.8578979,186.6,78.5
1378.4693694,186.2,78.5
1379.0822898,186.2,78.5
1379.6924019,185.8,78.5
1380.290378,185.5,78.7
1380.8839114,185.1,78.7
1381.4791287,184.7,78.9
1382.0899576,184.4,78.9
1382.6854762,184,78.9
1383.2817107,183.7,79
1383.8787472,183.3,79
1384.4914888,183.3,79.2
1385.1045628,183,79.2
1385.6991625,182.6,79.3
1386.2669299,182.3,79.3
1386.8597778,181.9,79.5
1387.4573301,181.6,79.5
1388.0696185,181.6,79.6
1388.6647652,180.9,79.8
1389.262076,180.9,79.8
1389.8417682,180.5,80
1390.4561856,180.2,80.1
1391.0521222,179.9,80.1
1391.6470926,179.5,80.3
1392.2146394,179.2,80.4
1392.8256871,179.2,80.6
1393.4530178,178.5,80.6
1394.0496712,178.5,80.7
1394.6767,178.2,80.9
1395.2743844,177.9,81
1395.8850144,177.6,81.2
1396.5263459,177.3,81.4
1397.1247967,176.9,81.4
1397.7344939,176.9,81.5
1398.3451903,176.6,81.7
1398.9422875,176.3,81.8
1399.5240105,176.3,82
1400.1195085,176,82.1
1400.7154021,176,82.1
1401.3128865,175.7,82.4
1401.9086812,175.4,82.6
1402.5061511,175.1,82.7
1403.102234,174.7,82.7
1403.6988806,174.4,83
1404.2939999,174.1,82.9
1404.8903839,173.8,83.4
1405.485716,173.5,83.5
1406.0833099,173.5,83.5
1406.6769387,173.2,83.7
1407.2734837,172.9,83.5
1407.8679569,172.6,83.5
1408.4629771,172.3,83.2
1409.0610102,172.3,82.9
1409.6717905,172,82.6
1410.2695265,172,82.3
1410.8981106,171.7,82
1411.4946525,171.7,81.7
1412.0921033,171.4,81.4
1412.6897577,171.4,81.2
1413.2878358,171.2,80.9
1413.9012168,171.2,80.7
1414.4994443,171.2,80.7
1415.1239256,171.2,80.7
1415.7198085,171.2,80.7
1416.3183878,171.2,80.7
1416.9137811,171.2,80.9
1417.5581184,171.2,80.9
1418.1557098,171.4,81
1418.7220719,171.4,81.2
1419.3347004,171.4,81.2
1419.9297136,171.7,81.5
1420.5273495,171.7,81.7
1421.1231663,171.7,81.8
1421.7506285,171.7,82
1422.3443546,172,82.1
1422.9413294,172,82.4
1423.5700085,172,82.6
1424.1660471,172.3,82.9
1424.7788309,172.3,83
1425.3908215,172.3,83.2
1425.990073,172.6,83.5
1426.6174757,172.6,83.5
1427.2152235,173.2,83.5
1427.8117179,173.2,83.4
1428.4105934,173.5,83.2
1429.0067731,173.8,82.7
1429.6053484,174.1,82.4
1430.2044974,174.4,82.1
1430.8023132,174.4,81.7
1431.4026108,175.1,81.4
1431.9976075,175.4,80.9
1432.5941101,175.7,80.6
1433.1894688,176,80.3
1433.8020268,176.3,80
1434.401771,176.6,79.8
1434.9988693,176.9,79.6
1435.5938795,177.3,79.5
1436.2090836,177.6,79.2
1436.8354122,177.9,79.2
1437.4337496,178.5,79
1438.032869,178.9,78.9
1438.6269162,179.2,78.9
1439.2279927,179.5,78.7
1439.8553294,179.9,78.7
1440.454661,180.2,78.7
1441.050078,180.5,78.5
1441.6488363,181.2,78.5
1442.2458663,181.6,78.5
1442.8768217,182.3,78.5
1443.4737027,182.6,78.5
1444.0720958,183,78.5
1444.6692238,183.3,78.5
1445.2647677,184,78.5
1445.8587977,184.4,78.5
1446.4580387,184.7,78.5
1447.0712105,185.1,78.5
1447.668368,185.5,78.5
1448.2627256,185.8,78.5
1448.8579142,186.6,78.5
1449.4524254,187,78.4
1450.0496336,187.3,78.5
1450.6475539,187.7,78.4
1451.2465999,188.5,78.5
1451.8420571,188.9,78.5
1452.4373638,189.3,78.5
1453.0369946,189.7,78.5
1453.6344794,190.1,78.5
1454.2336868,190.1,78.5
1454.8219547,190.5,78.5
1455.4154322,190.9,78.5
1456.0243218,190.9,78.5
1456.6364727,190.9,78.5
1457.226924,190.9,78.5
1457.7918423,191.3,78.5
1458.3605149,191.3,78.7
1458.9354191,191.3,78.7
1459.497828,191.3,78.7
1460.115833,191.3,78.5
1460.68659,191.3,78.5
1461.3010515,191.3,78.5
1461.883288,191.3,78.5
1462.4622831,191.3,78.4
1463.0268124,191.3,78.4
1463.6105822,190.9,78.2
1464.2260721,190.9,78.2
1464.8334122,190.9,78.1
1465.4202998,190.9,78.1
1465.9886077,190.5,77.9
1466.5579667,190.5,77.7
1467.1608071,190.5,77.7
1467.752183,190.1,77.7
1468.3682351,190.1,77.6
1468.9357816,189.7,77.6
1469.4905986,189.7,77.6
1470.0654618,189.3,77.4
1470.6448899,188.9,77.4
1471.2296773,188.5,77.4
1471.8105337,188.1,77.3
1472.3748981,188.1,77.3
1472.9501799,187.3,77.3
1473.5423527,187.3,77.3
1474.1184833,186.6,77.3
1474.6903253,186.6,77.3
1475.274182,186.2,77.3
1475.8564604,185.8,77.3
1476.4324706,185.5,77.3
1477.0081068,185.1,77.3
1477.575987,184.7,77.4
1478.1527612,184.4,77.4
1478.7690739,184,77.6
1479.3533905,183.7,77.6
1479.9409838,183.3,77.6
1480.5379228,183,77.7
1481.1649106,182.6,77.9
1481.7712867,181.9,77.9
1482.3697023,181.9,78.1
1482.9812219,181.6,78.2
1483.5931448,181.2,78.4
1484.2207599,180.9,78.4
1484.8332369,180.5,78.5
1485.4431065,180.2,78.7
1486.0679767,179.9,79
1486.6811028,179.9,79.2
1487.2936298,179.5,79.2
1487.9042497,179.2,79.5
1488.5297831,178.9,79.5
1489.1244494,178.5,79.8
1489.7180871,178.2,80
1490.3128401,177.9,80.1
1490.9119871,177.6,80.3
1491.5274686,177.6,80.4
1492.1221386,177.3,80.6
1492.688638,176.9,80.7
1493.2866517,176.6,81
1493.8857933,176.3,81.2
1494.4797793,176.3,81.4
1495.1068842,176,81.5
1495.7172992,175.7,81.7
1496.3134562,175.7,81.8
1496.9428136,175.7,82
1497.5683534,175.4,82.3
1498.1496862,175.1,82.3
1498.7469128,175.1,82.4
1499.3433283,175.1,82.6
1499.9708502,175.1,82.9
1500.5973377,175.1,82.9
1501.1946621,175.1,83
1501.8070847,175.1,83.4
1502.433531,174.7,83.4
1503.0319676,174.7,83.5
1503.6591441,174.7,83.4
1504.2851834,174.7,83.2
1504.879162,174.4,83
1505.4783488,174.4,82.7
1506.0753413,174.4,82.4
1506.687621,174.7,82.1
1507.3006608,174.4,81.7
1507.911697,174.4,81.5
1508.5071717,174.4,81.2
1509.1328927,174.4,81
1509.7461241,174.4,80.7
1510.3432042,174.4,80.7
1510.95412,174.4,80.6
1511.5807011,174.4,80.6
1512.1784508,174.7,80.4
1512.7753799,174.7,80.4
1513.3880971,175.1,80.4
1513.9830452,175.1,80.6
1514.5774531,175.1,80.6
1515.1903048,175.4,80.7
1515.8044077,175.4,80.7
1516.4151231,175.7,80.9
1517.0102951,175.7,80.9
1517.6044802,176,81
1518.2164603,176,81.2
1518.7821341,176.3,81.4
1519.3481044,176.6,81.4
1519.9279097,176.6,81.5
1520.5238241,176.9,81.7
1521.1047399,177.3,81.8
1521.6861305,177.3,82
1522.313466,177.6,82.1
1522.9252103,177.6,82.3
1523.5323834,177.9,82.4
1524.1472645,177.9,82.6
1524.7603458,178.2,82.7
1525.3884988,178.2,82.9
1525.9693074,178.5,83
1526.5610536,178.5,83.2
1527.1544326,178.9,83.4
1527.753172,179.2,83.4
1528.3803528,179.2,83.4
1528.9762256,179.5,83.2
1529.5693149,179.5,83
1530.1640007,180.2,82.7
1530.7623175,180.5,82.4
1531.3562188,180.9,82.1
1531.9515976,181.2,81.8
1532.5490366,181.6,81.5
1533.1474596,181.9,81.2
1533.7452478,182.3,80.9
1534.3437437,182.3,80.7
1534.9444162,182.6,80.4
1535.5730362,183,80.3
1536.1710565,183.3,80.1
1536.7657397,183.7,80
1537.3613398,184,79.8
1537.9578668,184.4,79.6
1538.5540126,184.7,79.5
1539.1500179,185.1,79.5
1539.7473756,185.5,79.5
1540.3409669,185.8,79.3
1540.9382194,186.6,79.3
1541.5658071,187,79.2
1542.1626665,187,79
1542.7573101,187.7,79
1543.3541726,187.7,79.2
1543.9529422,188.5,79
1544.5522294,188.9,79.3
1545.1819086,188.9,79.2
1545.7773636,189.3,79.2
1546.3761277,189.7,79.2
1546.974216,190.1,79
1547.5735288,190.5,79
1548.2008646,190.5,79
1548.7980367,190.9,79
1549.3950628,191.3,79
1549.9939188,191.3,79.2
1550.5878629,191.7,79
1551.1843491,191.7,79
1551.7795365,191.7,79
1552.3725681,191.7,79
1552.9718268,192.1,78.9
1553.5687124,191.7,78.9
1554.1824513,191.7,78.9
1554.7791016,191.7,78.9
1555.3752442,191.7,78.9
1555.9744714,191.7,78.7
1556.5709814,191.7,78.7
1557.1701412,191.7,78.7
1557.7667112,191.7,78.7
1558.3622126,191.7,78.5
1558.9610841,191.7,78.5
1559.5596441,191.3,78.5
1560.1281777,191.3,78.5
1560.7250414,191.3,78.5
1561.3219756,191.3,78.4
1561.9198798,191.3,78.4
1562.5154061,191.3,78.4
1563.114407,190.9,78.2
1563.711197,191.3,78.2
1564.307365,191.3,78.1
1564.9051108,191.3,78.1
1565.4979889,190.9,78.1
1566.0967282,190.9,77.9
1566.6945808,190.9,77.9
1567.2914125,190.9,77.9
1567.8863788,190.9,77.9
1568.482809,190.5,77.9
1569.082464,190.5,77.9
1569.7120507,190.5,77.9
1570.3075089,190.5,77.9
1570.9039256,190.1,78.1
1571.5021434,190.1,78.1
1572.0995047,190.1,78.1
1572.6935571,189.7,78.1
1573.2919792,189.7,78.1
1573.8884028,189.7,78.1
1574.4846709,189.3,78.1
1575.0823486,189.3,78.1
1575.7125077,189.3,78.1
1576.3098674,188.9,78.1
1576.9077557,188.9,78.1
1577.5039385,188.5,78.1
1578.1021384,188.5,78.1
1578.6989969,188.5,78.1
1579.3275177,188.1,78.1
1579.9254277,187.7,78.1
1580.5231656,187.7,78.1
1581.1207819,187.7,78.1
1581.7185131,187.3,78.1
1582.3173391,187.3,78.2
1582.911633,187,78.1
1583.5108439,187,78.1
1584.107466,186.6,78.1
1584.702639,186.6,78.2
1585.3152329,186.6,78.2
1585.9100486,186.2,78.2
1586.5047232,185.8,78.1
1587.1047174,185.8,78.2
1587.7009351,185.8,78.2
1588.2979797,185.5,78.2
1588.8950712,185.1,78.2
1589.4918656,185.1,78.2
1590.0898625,185.1,78.2
1590.6861619,184.7,78.2
1591.2865925,184.7,78.2
1591.8806829,184.4,78.2
1592.4951531,184.4,78.2
1593.0899509,184,78.2
1593.6710681,183.7,78.2
1594.2681287,183.7,78.2
1594.8773026,183.3,78.4
1595.4760277,183.3,78.2
1596.0731536,183,78.4
1596.7011168,182.6,78.4
1597.297309,182.6,78.2
1597.891643,182.3,78.2
1598.4895033,182.3,78.4
1599.085865,182.3,78.2
1599.7130272,181.9,78.2
1600.3137523,181.9,78.2
1600.8930569,181.6,78.4
1601.4903811,181.6,78.4
1602.0863664,181.2,78.4
1602.6798957,181.2,78.4
1603.2783512,181.2,78.4
1603.8733078,180.9,78.4
1604.4722468,180.9,78.4
1605.0700752,180.9,78.4
1605.6680732,180.5,78.4
1606.2676893,180.5,78.5
1606.8628733,180.2,78.5
1607.4626577,180.2,78.5
1608.0592771,180.2,78.5
1608.6563593,179.9,78.5
1609.2553832,179.9,78.5
1609.8512578,179.5,78.5
1610.4507865,179.5,78.5
1611.0452368,179.5,78.7
1611.6421859,179.5,78.7
1612.2380123,179.5,78.7
1612.833232,179.5,78.7
1613.4321369,179.2,78.7
1614.0241547,179.2,78.9
1614.621568,179.2,78.9
1615.2163295,179.2,78.9
1615.8126325,179.2,78.9
1616.4102102,179.2,78.9
1617.0077013,178.9,79
1617.6054224,178.9,78.9
1618.2017903,178.9,79
1618.7979679,179.2,79
1619.3848939,179.2,79
1619.9821715,179.2,79.2
1620.5786652,178.9,79.2
1621.1765332,178.9,79.2
1621.7724875,178.9,79.2
1622.3687806,178.9,79.2
1622.9658951,178.9,79.3
1623.5632958,178.9,79.2
1624.1590173,178.9,79.3
1624.7590645,178.9,79.3
1625.3550411,179.2,79.5
1625.9515181,179.2,79.5
1626.5627343,179.2,79.5
1627.1587155,179.5,79.5
1627.7579643,179.5,79.5
1628.3539996,179.5,79.6
1628.9511386,179.9,79.6
1629.5505489,179.9,79.6
1630.1461681,179.9,79.6
1630.744602,180.2,79.6
1631.3394974,180.2,79.6
1631.9340465,180.5,79.6
1632.5342046,180.5,79.6
1633.131831,180.5,79.6
1633.7290935,180.9,79.8
1634.3244825,180.9,79.8
1634.9217058,180.9,79.8
1635.5216459,181.2,79.8
1636.1191897,181.2,79.8
1636.7464589,181.6,79.8
1637.3467915,181.9,79.8
1637.9435939,182.3,80
1638.5386744,182.3,80
1639.1386264,183,80
1639.7669816,182.6,80
1640.363253,183.3,79.8
1640.9589354,183.3,80
1641.5554821,183.7,79.8
1642.150413,184,80
1642.7492686,184,80
1643.3455234,184.4,80
1643.9414635,184.4,80
1644.539848,184.7,80
1645.1369465,184.7,80
1645.7333334,184.7,80
1646.3325647,185.1,80
1646.9245213,185.1,80
1647.5221897,185.1,80
1648.1210058,185.5,80
1648.7170014,185.5,80
1649.3141851,185.5,80
1649.9098901,185.8,80
1650.5078381,185.8,79.8
1651.1021982,185.8,79.8
1651.7008097,186.2,79.8
1652.2983485,186.2,79.8
1652.8943951,186.2,79.8
1653.4933557,186.2,79.8
1654.0892807,186.2,79.8
1654.6868818,186.6,79.6
1655.2847465,186.2,79.6
1655.8821259,186.2,79.6
1656.4800375,186.2,79.6
1657.0796976,186.2,79.6
1657.6769923,186.2,79.6
1658.2725569,186.2,79.6
1658.8686849,186.2,79.5
1659.4973135,185.8,79.5
1660.0947693,185.8,79.5
1660.6916681,186.2,79.5
1661.2903886,185.8,79.5
1661.8750739,185.8,79.5
1662.4721333,185.8,79.5
1663.0686185,185.8,79.5
1663.6683783,185.8,79.5
1664.2967509,185.8,79.5
1664.9260853,185.5,79.5
1665.524346,185.8,79.3
1666.119244,185.5,79.5
1666.7155626,185.5,79.3
1667.3163797,185.1,79.3
1667.9119336,185.1,79.3
1668.5238225,185.1,79.3
1669.1193855,185.1,79.3
1669.7197132,184.7,79.3
1670.3189369,184.7,79.3
1670.9144694,184.7,79.2
1671.5090841,184.7,79.3
1672.1025697,184.4,79.2
1672.6985109,184.4,79.2
1673.2942261,184,79.2
1673.8924941,184,79.2
1674.4892179,183.7,79.2
1675.0876954,183.7,79.2
1675.6858602,183.3,79.2
1676.2840111,183.3,79
1676.8793553,183.3,79
1677.4791282,183,79
1678.0762318,183,79
1678.6724984,182.6,78.9
1679.2704136,182.6,78.9
1679.8841402,182.3,78.9
1680.4812227,182.3,78.9
1681.0804044,182.3,78.9
1681.6789488,181.9,78.7
1682.2734449,181.6,78.7
1682.886716,181.6,78.7
1683.4846994,181.6,78.7
1684.0830019,181.2,78.7
1684.6819932,181.2,78.7
1685.2756067,181.2,78.7
1685.8721918,180.9,78.7
1686.4705361,180.9,78.7
1687.0666711,180.9,78.5
1687.6664732,180.9,78.5
1688.2612165,180.5,78.5
1688.8582205,180.5,78.5
1689.4547109,180.5,78.5
1690.0538536,180.2,78.5
1690.6541136,180.2,78.5
1691.2503102,180.2,78.5
1691.8482506,179.9,78.5
1692.4620467,179.9,78.5
1693.0904259,179.9,78.5
1693.6887848,179.5,78.5
1694.283762,179.5,78.5
1694.8826503,179.5,78.5
1695.4812673,179.5,78.5
1696.0794986,179.9,78.5
1696.6743984,179.9,78.5
1697.2704772,179.9,78.5
1697.8666375,179.5,78.5
1698.4627439,179.9,78.5
1699.0638004,179.9,78.5
1699.6614203,179.9,78.5
1700.2575518,180.2,78.5
1700.8531399,180.2,78.4
1701.4517729,180.2,78.5
1702.0332957,180.2,78.4
1702.6314653,180.2,78.4
1703.2278269,180.2,78.4
1703.8250812,180.2,78.5
1704.4201115,180.5,78.5
1705.017947,180.5,78.5
1705.6141709,180.5,78.5
1706.2118994,180.5,78.5
1706.8091651,180.9,78.5
1707.4068561,180.9,78.4
1708.0052552,180.9,78.5
1708.6019587,181.2,78.5
1709.2008797,181.2,78.5
1709.7973569,181.6,78.4
1710.4112484,181.6,78.4
1711.0102228,181.9,78.4
1711.6073901,181.9,78.4
1712.2038715,181.9,78.5
1712.8030093,182.3,78.5
1713.3988434,182.6,78.5
1713.9939811,182.6,78.5
1714.590328,182.6,78.7
1715.1884749,183,78.7
1715.7821107,183,78.7
1716.3797174,183,78.5
1716.9768675,183.3,78.7
1717.5728761,183.3,78.7
1718.1705177,183.7,78.7
1718.7993531,183.7,78.7
1719.3993392,184,78.9
1720.0004617,184.4,78.7
1720.596319,184.4,78.9
1721.1956413,184.7,78.9
1721.7913256,184.7,78.9
1722.3875303,184.7,78.9
1722.9845232,185.1,78.9
1723.5959619,185.1,79
1724.1938529,185.1,79
1724.7902336,185.5,79
1725.3878306,185.5,79
1725.9878366,185.5,79
1726.5850943,185.5,79
1727.1811022,185.8,79
1727.7798863,185.8,79
1728.3771777,185.8,79
1728.975027,185.8,79
1729.5709688,185.8,79
1730.1682374,186.2,79.2
1730.7654296,186.2,79
1731.3620605,186.2,79.2
1731.9589869,186.6,79.2
1732.5545307,186.2,79.2
1733.1494788,186.2,79.2
1733.747976,186.6,79.2
1734.3454539,186.6,79.3
1734.943387,186.6,79.3
1735.5383066,186.6,79.3
1736.1364298,186.6,79.5
1736.7320163,186.2,79.5
1737.3276469,186.2,79.5
1737.9260117,186.2,79.5
1738.5065226,186.2,79.5
1739.1052594,185.8,79.5
1739.7020134,185.8,79.5
1740.300769,185.5,79.5
1740.8958901,185.5,79.5
1741.4915375,185.1,79.5
1742.088701,185.1,79.5
1742.685288,185.1,79.5
1743.3149093,185.1,79.5
1743.9144714,184.7,79.5
1744.510139,184.7,79.5
1745.1080365,184.7,79.6
1745.7373742,184.4,79.5
1746.3335504,184.4,79.5
1746.9297407,184,79.5
1747.5274111,184,79.5
1748.1249648,183.7,79.5
1748.7213414,183.3,79.5
1749.3210027,183.3,79.5
1749.9178635,183,79.5
1750.5475731,183,79.5
1751.1454142,182.6,79.5
1751.742063,182.3,79.5
1752.3568514,182.3,79.5
1752.9538943,181.9,79.5
1753.5514829,181.9,79.5
1754.1498746,181.6,79.3
1754.743293,181.6,79.5
1755.3147988,181.6,79.5
